,SENTENCE
0,we have lost not just a great friend
1,i do not want to repeat
2,rookie kevin swayne will move into the starting lineup
3,theresa i changed the cig fuel rate to
4,weinke could have a big game
5,we dont want to look bad to dyn
6,i will not be available
7,the accord was due to have come into effect overnight
8,neil has been asking around
9,the new radio minister was head of the propaganda department
10,i forgot one person when we spoke on friday
11,see you on the third
12,he is listed as day to day
13,the big tight end has no real value as a fantasy player
14,isnt that about the way it could happen
15,the cause of the fire was under investigation police said
16,please let me know if you learn anything at the floor meeting
17,i was a bit rusty but i didnt want to miss the elections back home
18,zack crockett may be used in goalline situations
19,maybe you can leave early
20,he is expected to miss six weeks of action due to the procedure
21,the night promised to be long
22,thanks for your concern
23,leaks have indicated that clinton has narrowed his choice
24,i hope you feel better
25,the other figure is the top contracts
26,when do you have to be there
27,they must not be distributed without our consent
28,kind of like silent fireworks
29,clinton said tuesday he would make an announcement by thursday
30,this is good i think
31,i am trying again
32,northern forces had captured a southern mechanised brigade
33,this event will be a blast
34,the house would give them equal treatment with us banks
35,he said he was not aware he suffered from it
36,if she calls me yet today ill let you know
37,the others raise their eyebrows
38,lets leave it until we get going
39,just told them i thought it would be impossible
40,both have also promised higher salaries
41,we need a process to deal with this
42,wonder what next week will bring
43,it must be accompanied by increased productivity
44,she called and wants to come over this am
45,the advantage is enough for ford motor racing director dan rivard
46,he was replaced by kent graham
47,bradford has yet to prove himself as a fantasy player
48,he is listed as questionable for this weeks game
49,thanks again for your help
50,i guess the next time ill see you is for superbowl
51,please set something up
52,we will be dining fashionably late
53,i know you changed it
54,on a comparative basis i cant justify more
55,reggie wayne will start in pathons place once again
56,we can have wine and catch up
57,the auction this year is hosted by egs
58,the rest is a byproduct of slapshot
59,more jobs are to be eliminated this financial year
60,i want to finish the rest of the year
61,we dont have any ability to veto their decisions
62,there will be some better news later today
63,newlysigned tony simmons might work as the third receiver
64,ive never been to the speedway but if they come i will go there
65,nothing but good news everyday
66,could you please let me know as soon as possible
67,its this issues featured ebook
68,hope all is well
69,louis defensive backs should be able to match his downfield speed
70,im still in fw
71,he said telecom was still in a position of substantial protection
72,we are somewhat emasculated bystanders
73,brian mitchell will likely serve as duce staleys backup
74,try this one now and let me know
75,were working with the speedway
76,also it appears no payment is required tomorrow
77,i need to talk to tom carlton their decisionmaker
78,hope this message is much better received than yesterdays
79,we also decided against a formal seating arrangement
80,this is not a good situation to be in without a contract
81,the first vietnamese trainee pilots were due to arrive in june
82,does friday at work for you
83,the blasts rocked prominent commercial landmarks
84,bound to be some media flack on this
85,she is taking over global finance legal
86,it is not a matter of imposing a peace plan on the parties
87,ill talk to you on monday
88,there is substantially no difference between us
89,hes a questionable fantasy player to begin with
90,i am all about winwin here
91,even if it were approved clinton could veto the measure
92,taiwan is to cut tariffs on items
93,the profit could then go in part to the labour
94,louis featured back this weekend against the n
95,let me know if you have any questions
96,ill take them one at a time
97,are you on the diet with me
98,i love you too
99,i was selfish in what i did
100,well tell you who has the edge
101,please give me a call
102,you just cant work without me can you
103,this is the neatest toy i have had
104,i have been in contact with him and he is familiar with the issues
105,the partial list announcement came
106,were here to qualify in the second or third row
107,both leading candidates have promised to create jobs
108,i would suggest you and mark address this together
109,i will be thinking of you
110,a report thursday showed wholesale prices fell percent in april
111,nice weather for it
112,what period does the max rate assumption cover
113,ill take up my problem with weak scott h
114,i would be glad to participate
115,twothirds of our tickets have been sold in the united states
116,this transaction is expected to close next year
117,the results were expected back tuesday
118,is this the only time available
119,need to watch closely
120,she has absolutely everything
121,never mind i already deleted it
122,no employment claims for gas or power
123,some had witnessed the fighting which erupted a week ago
124,she said it would probably be after jan
125,board meeting running long
126,i know several who work there
127,i just faxed copies of the invoices to you
128,i want to thank everyone involved
129,monitor his progress over the next few weeks
130,i think i have given the gaffer a decision to make
131,that must be a lot in kilometers
132,if it needs to be paid we will need to add the day to the deal
133,what is happening to the stock price
134,chris foster is in
135,please let me know if you need any additional information
136,talk to you later
137,ladies i am finished with july and everything ties
138,let me know if you see any problems with this
139,did you set up my corporate account for me
140,are you in a good mood
141,and leave my school alone
142,richardson is battling a shoulder injury
143,do not send small unsuspecting children to check on my progress
144,these are big storms and traffic isnt moving
145,but he vows to support any drivers who support the pacers
146,new yorks supreme court upheld a lower court decision
147,i need a little more stability in my work environment
148,you snooze you lose
149,that is not true
150,lynn checked with fran and she told her coordinator
151,just bought out toys r us
152,mixed signals from washington had convinced china
153,once you do you can never go back
154,then theres the palm
155,france would not join a us military invasion of haiti
156,but let me know which ones you dont get
157,he is expected to play when the browns return to action next week
158,i want to compare the two
159,thanks having a good time
160,ok i thought it was in washington state
161,so youre ignoring me
162,probably will be working
163,he was our best player when he got hurt
164,did you ever hear anything
165,theres been a shortage of blood in this area
166,i am at the lake
167,what does hunter think
168,i have a touch of food poisoning this morning but i may be in later
169,i am out of town on business tonight
170,theresa please resend
171,i will try and find out
172,we can discuss options early next week
173,thanks for checking with me
174,ruth the market drove us back for the weekend
175,they lost to nantes after extratime
176,tried reaching you earlier
177,drop him unless you play in a keeper league
178,the meeting was very beneficial
179,i worked on the grade level promotion
180,the two leading candidates signed a civility pact on tuesday
181,has dynegy made a specific request
182,officials said thursday that visit would take place on may to 
183,diplomats are predicting that the embargo will remain in force
184,tricia needs to know if she needs to invoice them or not
185,need anything from target
186,please redraft and let me know if there are further discrepancies
187,is this the conference rate
188,genaro we have fixed the pricing in our system
189,im glad she likes her tree
190,i thought you left to go get breakfast
191,can we have them until we move
192,weve advised the family how to go about it
193,iraq is particularly keen on getting rid of the oil embargo
194,does dan know about julia changing groups
195,it wasnt an easy day to play
196,marisa sent the invoices
197,what did mark say
198,but i hope to see you at karis house
199,let me know what you want to do
200,its incredibly demanding here
201,go for the dollars
202,dont forget the wood
203,what is going on
204,how did they get onto our floor
205,dont use him this week
206,its all about making the whole story public
207,giants but he didnt finish it
208,theresa i hope he liked it
209,he doesnt want to give the trading positions
210,we seem to be running in the same time slot more than anybody other
211,chase back office and their restart plan updates individually
212,i hope everything worked out okay with your rent
213,i hope this answers your question
214,travis is in charge
215,ill send you a check
216,we could do it at my house
217,we will keep trying
218,thanks so much for the message
219,i will review them on monday
220,they are specifically concerned about the intercompany notes
221,nothing new from mom
222,are you getting all the information you need
223,txu is off everyone else ok
224,but there have been so many changes in plans that im not surprised
225,seve ballesteros was well satisfied with his first round
226,please look over and let me know
227,that ranks fifth for the week
228,please coordinate with him
229,please pass along my thanks though
230,fuel surcharges if applicable are included in the fees listed
231,why do you ask
232,brcko had been proposed as another site for a safe area
233,count me out for this round
234,the bestofseven series moves to indianapolis indiana
235,he would love anything about rocks
236,we are going to send some money to a fund to help the victims
237,watch for more details coming soon
238,what is up with ene
239,i would not say i have guaranteed my final place
240,please make sure bob kelley is on the list
241,i thought you needed him to carry two people
242,do you have that information yet
243,i am on a plane sorry
244,we will sign tomorrow and fund tuesday
245,i have been very steady and i should have had a much better score
246,it was possible to a large extent to agree on some kind of approach
247,im optimistic yes but confident no
248,i like nick and everett
249,then we lit our candles and just stood there silently holding them
250,on friday october th
251,hopefully this can wait until monday
252,how soon do you need it
253,its just very confusing at first
254,i havent adapted really
255,the city plays host to a visit by us president bill clinton
256,your friends defense however has other plans
257,the administration had no immediate comment on the vote
258,zou i hope you had a good flight back to texas
259,robert im working on this right now
260,ill get busy now and hopefully email you later today
261,can you get me the calger letter done
262,im at the doctors office should be in later
263,i wouldnt worry about coming in today
264,a bit behind on my emails
265,what do you think
266,reconfigure the disk layout
267,what a crazy day
268,anything exciting going on today
269,an overwhelming majority do agree on the middle policy
270,i think we are dong ok
271,hope you guys are doing fine
272,what is the cost issue
273,what information if any do we owe him
274,this is a major setback for the rookie
275,ill find someone to do it
276,the former minister is accused of receiving seven billion lira
277,do we know what we need
278,your best bet is to drop him and go after another
279,thank you for your support and generosity
280,talk to you soon theresa
281,he recently also demanded the resignation of six ministers
282,he did not say when that would be
283,but the chiefs might depend on the run so his numbers may be limited
284,the aviation college had already trained pilots
285,what do you hear
286,i am out of town until friday
287,can you do the gallup contracts as well
288,ok to make changes change out original
289,please leave it to brian
290,the rule was aimed at allowing lowbudget teams to be competitive
291,when i do we will eat
292,or are you going to be tied up with dinner
293,the filing concerns various scheduling and balancing rules
294,the qualifying continues on the west side of town
295,one of the hottest gifts for holiday 
296,he also suggested it would send a conflicting message to geneva
297,the agreement has been approved by the senate and house
298,jackie adams is trying to get this done today
299,he said he had been surprised to see his name on the list
300,joel will handle this
301,please respond if anyone has a different view
302,she is most familiar with our computer systems
303,ena is not purchasing westports gas at this time
304,could you try ringing her
305,for safety reasons the turkey will be carved in a private ceremony
306,i can be there within the hour
307,i know my way around the hospital better than i do the stadium
308,ladies heres the revised september purchase
309,can you help me here
310,in a separate room next door
311,the planes had flown in from dijoubti to sanaa earlier thursday
312,come join the fun
313,lets think out of the box
314,he will be evaluated on a day to day basis
315,are you back in town
316,the wind was strong and gusting
317,estrada recently returned from johannesburg
318,this is normal they always do this
319,michael said his day was rotten
320,things are crazy for sure
321,amy felling should be your contact on the th
322,i will if i want to
323,but they played down the prospect of a repeat performance
324,his will be hard
325,i left a message
326,john is out today but will be back in the office tomorrow
327,i tried that to no avail
328,this is a golden moment
329,i am walking in now
330,sources said the officers will be part of the coordination office
331,talk to you soon
332,let me know if you cant open it
333,if the penskes have any luck at all they could be unstoppable
334,do you know if this has been done yet
335,between and are allowed
336,yes i like perfume
337,i am not aware of any
338,see the list below
339,she chipped in from feet for a birdie at 
340,i will fax the invoice to you today
341,how are things with you
342,he has made progress in his recovery and might play this week
343,no there will be plenty of others
344,we will have some good detail by january 
345,its revenues last year reached billion dollars
346,sorry it took so long
347,i wonder if rbs is another institution which could move quickly
348,he wont be too productive if he does play
349,presuming we can afford headcount
350,wednesday is definitely a hot chocolate day
351,she is scheduled to appear in new york on the maury povitch show
352,ill email her later tonight
353,charlie garner will once again be oaklands feature back
354,dont make me pull tapes on whether you understood our fee
355,that would be great
356,has anyone else heard anything
357,i bet you it will be a strong motor all day though
358,we have been consistent and we have a good balance
359,most recent surveys put them in a dead heat
360,at he enlisted in the us navy
361,the prime minister is to meet with several security council members
362,the atlanta hawks held indiana to the lowest points total ever
363,ty needs to work on our model before we could start anything anyway
364,thanks again for thinking of me
365,the fighting erupted after a private quarrel
366,wish me luck with linda
367,we have lots of paper stuff
368,i am out of town on business
369,i wont be home until 
370,weve already eliminated his speech therapy
371,john please send this to shelly
372,would you mind taking the lead on this
373,i meant to try and explain not to redo
374,no at least not to my knowledge
375,i think citation should be good now
376,however he is expected to play in this weeks game
377,yes i am here actually
378,his status for thursdays game against dallas is unclear
379,liverpool always had a knack of bringing people down to earth
380,probably can handle monday pm
381,if not can i call you
382,sounds good to me
383,but thank you for the offer
384,its not working very well
385,trip was good i presume
386,i dont want to let my nanny go home if you think you need me
387,i will likely not be available
388,you can talk to becky
389,jones executive vice president and chief operating officer
390,i am freaking out
391,foreigners have now fled the country since fighting erupted
392,indy time trials begin saturday
393,thanks for your leadership on this issue
394,the election will be clean and pure
395,yes i am playing
396,are you going to apply
397,heres the september purchase for september
398,whether it will stand up on race day nobody knows
399,later works dealt with ethical concerns in the modern world
400,the spokesman said its role would be to supervise the organisation
401,that makes him a risky start from a fantasy perspective
402,do you have it yet
403,his return date is unclear
404,i think those are the right dates
405,world cup fans at stanford stadium are almost certain to be fenced in
406,let me know if there are any other problems with this
407,there were evacuees on one plane and on the other
408,he cannot be in two places at once
409,thanks for your help in quickly setting this up
410,the fed will continue to have oversight over us banks
411,his status for the week game against atlanta is unclear
412,the hospital was hit by electricity cuts
413,sorry for the unfriendly greeting in the lobby
414,the alleged offences occurred before alan sugar took control
415,if motley is in we are out of money
416,i am snowed under and out of the office
417,they appear to be coming out of unify but i cannot see them
418,the same prize was offered for the arrest of abdul razak memon
419,rothenberg said the trend in europe was away from fencing
420,however he warrants no real fantasy consideration at this point
421,valerie the prices look fine in sitara
422,i changed that in one prior draft
423,mark susan said to go ahead and expense the cell phones
424,on appeal they were finally placed in division two
425,the french diplomat meanwhile reiterated his condemnation
426,one would have thought id have this down pat by now
427,i thought you were on 
428,do you know anything
429,need before board meeting
430,i have already approved and forwarded
431,are you being a baby
432,the mercedes drivers ae likely to break the track records
433,contact lisa mellencamp on any issues regarding pending litigation
434,mostly a social call
435,benjamin gay and jamel white shared carries in his place
436,history repeated itself last season when tenerife beat madrid
437,geez i sound pathetic
438,in a meeting with your guys now
439,i have some more data coming
440,he was professor emeritus of human development and psychiatry
441,its not looking too good is it
442,please let me know what days you plan on taking off
443,he said the operating theatres were barely functioning
444,there were frequent electricity and water shortages
445,its going to be ludicrous
446,but he couldnt keep it up coming home in 
447,i am looking forward to the salad
448,here it is again in case you didnt receive it
449,if so whitt is done
450,penske wouldnt come here without a good idea it would hold up
451,amy will be here to cover
452,i am all over it
453,did we plan that
454,you can bring it to work and we could meet for lunch one day
455,market analysts said that the ratio was rising
456,i spoke with greg
457,on friday the competition proper gets under way
458,if so he probably will have to pay back
459,let me know if this is possible or where else i might find these
460,i think that is the right answer
461,i will not make the meeting at pm
462,the matter was still being investigated
463,juppe arrived in washington on wednesday
464,but both reports were denied by the southern leadership
465,i have forwarded to kelly
466,do you still need me to sign something
467,how are we handling others in that group
468,ill be up to nine or by saturday
469,last year i made some mistakes here
470,moreover we have the feeling that we are finally in our own country
471,we currently have employees
472,i appreciate you moving so quickly on this
473,i think i played three different courses
474,there is a percent chance he is going to win
475,jets secondary on sunday
476,i was planning to attend
477,some million shares changed hands on the new york stock
478,this needs to go to imbalance between quantum and crestone
479,look for mccardell to play well this week and catch a lot of passes
480,juppe described emile jonassaint as a puppet with no legitimacy
481,nd since so many people are out of the office until then
482,two raf hercules transport planes airlifted foreign evacuees
483,couldnt risk the uncertainty
484,paris had ruled out participation in such an invasion force
485,he could ping the ball yards with the outside of his foot
486,finally i would delete the paragraph about lawyers
487,did you differ from me
488,gold fell dollars from wednesdays closing price
489,people stuck in traffic on either side of us joined in
490,the azerbaijani enclave nagorno was torn by further fighting
491,still hustling to find dollars for the quarter end
492,kay mann is going to take the lead on this
493,im working on your other emails next
494,thats a fair trade off
495,i think we should consider this request
496,i might have something at the office
497,not even in yet
498,i plan to be in the office tomorrow
499,soldiers would be in their barracks throughout the weekend
500,please call me if you have any questions
501,thanks for keeping your eyes out there on our stuff
502,tell her to get my expense report done
503,the mud was their idea
504,i cant seem to find it
505,im pleased with my speeds
506,we must be consistent
507,these factors dictate clear limits to the concept of safe areas
508,no problem maria please contact rick
509,try and redraft and let me know
510,this is the crew
511,police and the alleged bank robbers exchanged fire
512,she has the game tomorrow
513,no sign of chuck and not responding to messages
514,it reads like she is in
515,mr rao go to washington but go with dignity
516,i would like to see some of the drivers at our game
517,we will forward it to you as soon as we get it
518,i short paid the august invoice
519,can you bring these to c
520,then we can go to zainy brainy
521,crestone wont have final measurement until next week
522,do you and george have a thing going
523,we were planning to have him from the start
524,are we ready for this on monday
525,this seems fine to me
526,the speedway is faced with some very tough choices
527,that would be a fitting memorial to those who died
528,chinese president defended the military crackdown on protesters
529,im working on a liquidity forecast
530,we dont recommend you use him in a fantasy league this week
531,many townspeople who had gathered earlier on the main road
532,it looks like there are three new demand charges
533,how would you explain the difference between the two
534,will give you more shortly
535,are you in today
536,ava do we need to worry about this
537,our reform and opening programme has forged ahead
538,he is recovering from a sprained foot
539,fyi would she meet my requirements
540,we shall try to find a common agenda
541,can you get with mary and make sure
542,it will probably be tomorrow
543,what is the purpose of this
544,xrays were negative and hakim is listed as day to day
545,and maybe for too long weve been underestimating ourselves
546,ill get you one
547,thomas has no real value as a fantasy player
548,most contenders here use his fordcosworth engines
549,the statement gave no further details of the incident
550,i am unavailable for the pm meeting
551,hours are listed in hr format central time
552,he pleaded guilty in february under an agreement with the government
553,i would love to help you guys with this imbalance
554,the columbia mission takes off from the kennedy space centre
555,in the end we chose to keep our traditional method
556,we are down to employees here in denver
557,martha stewart will not be dining with us this thanksgiving
558,it is not surprising
559,i was trying to remember what bobby said
560,please send it to both of us
561,brian is working this
562,will follow up today
563,expect him to be the bears featured back for the rest of the year
564,they may want to discuss with you
565,lets have this meeting today or tonight
566,the spanish federation has brought forward those fixtures
567,i talked to duran
568,im telling you in advance so dont act surprised
569,please accept my apology
570,i am surprised such an incident could not have been prevented
571,could you see where this stands
572,i am meeting with my direct reports at to work on recommendations
573,please forward the backup today if possible so we can review
574,please send me an email
575,his current status is day to day
576,ava please put it on my calendar
577,he played goalie almost the entire game
578,as soon as anyone does that they can get nailed
579,san francisco was interconnect meeting
580,im on a plane
581,we will address tomorrow with stan
582,i told gary you could make the call
583,the evacuees included babies and young children
584,who should i contact regarding severance
585,please send me an email to let me know
586,i will get the gathering to gloria tomorrow
587,arkansas called in extra state police to the prison
588,houston time at the hyatt regency
589,let me know if you have further questions
590,we use this functionality a lot when pathing pools
591,a letter is being sent today
592,i think these will be just fine
593,perhaps there was a glitch
594,im still in dallas
595,can you wait until monday
596,i was runnerup three times
597,very truly yours acme costume co
598,let me know if i can help
599,the sooner i get this the sooner we can get this implemented
600,now i know about them
601,i heard it was at 
602,if you have questions please send an email to enron
603,els rocketed to his first european tour victory back
604,mansell has not forgotten what the ovals have meant to him however
605,the senate should approve a yearold treaty
606,they are more efficiently pooled
607,im glad you are involved
608,we probably have to discuss trade behavior and margin
609,we all know that it does exist
610,i hope that you find these communications informative
611,need you or john to step out
612,jan has a lot of detail
613,have not added westport on yet
614,boy i couldnt write too much on this thing
615,we have been working on clay for four weeks
616,please set me heidi dubose up as their travel arranger
617,davis was listed as questionable on the weekly injury report
618,how is it going
619,the fed has not taken an official position on the issue
620,this upgrade may take up to hours
621,he is pretty tapped into it all
622,following are my comments
623,until we can answer these questions we cannot terminate anything
624,my husband jeff and i are planning on attending
625,im glad you liked it
626,he said he would learn more about the injury as the week progressed
627,currently we are focusing our resources on domestic sites
628,kim heres the psco website address
629,get with david lund
630,please let us know asap
631,hopefully it cheered you up a bit
632,i dont think we need to make a big deal of this
633,get with mary for format
634,i need to go to stans office
635,you know that i love you
636,looking for some gift hints from you
637,we dont recommend mcnair this week as a result
638,let me know if i can be of help
639,normally we just eat and run
640,i will follow up with him as soon as the dust settles
641,he refused to elaborate on the delay
642,see what concerts we have for you in your city
643,i spoke with lara robinson this morning
644,please call me if you see any problems
645,i think that will help
646,was wondering if you and natalie connected
647,i hope this is the last revision for september
648,he is out indefinitely and could miss the remainder of the season
649,laveranues coles will be the top receiver in his absence
650,i think in this case specific is better
651,there are some different rules here
652,allocations will be based on wic allocations methods
653,we havent sold the us business as yet
654,she has a web address
655,i will add this to the folder and let you know when we get into it
656,we are all doing reasonably well i think
657,lets wait until monday
658,they launched a counter attack and retook positions they had lost
659,are you feeling better
660,ive never worked with her
661,the deal was nominated and cut to zero
662,it was very nice
663,i am sorry you had to come in
664,confirmed with mark taylor
665,lynn got to the office ok
666,others voting against represented the defense ministry
667,suite in downtown denver
668,clinton has pressed for a multilateral lifting of the embargo
669,i should have more info by our meeting this afternoon
670,theresa the formula bp is using is highlighted in red below
671,we had some measurement of gas from quantum throughout the month
672,what do you think about tracy and jim
673,what number should he call you on
674,she started singing along softly with the radio
675,clinton attended the us college basketball finals
676,provisional constitution will be voted into law by parliament
677,will you come get me
678,lisa now has everything
679,where do you want to meet to walk over there
680,they play atlanta here saturday and sunday afternoons
681,no just thursday and friday of this week
682,ernie els was back to his best
683,the troops just walked in
684,i will be back friday
685,miller might have to wait until sunday
686,we only have the power of persuasion
687,ill ask he just came by
688,i have rates and capacity utilization information ready
689,i am almost speechless
690,juppe said such a force was in the process of being sent to haiti
691,after leaving the navy in he joined the merchant marines
692,in his third season booker has become a superb fantasy wideout
693,we would have waited up all night to see them
694,the jets will try to control the ball and the clock against the rams
695,evaluating a lease offer on sonoran project
696,let me know if you need anything else
697,i see some volume reversing in the system
698,you have a lot of holes in your plan
699,what is the shower at patsys for
700,i will be there
701,mike are you aware of this
702,he is here for a political meeting
703,lavo called it never mind though
704,did you mean oxley
705,i will handle this afternoon
706,he is close to full speed says the charlotte observer
707,ibrahim sent arms and explosives by sea to the indian west coast
708,seems unusual to me
709,jim please confirm to vince you are happy
710,im looking forward to the long weekend
711,ill catch up with you tomorrow
712,there is still a chance there might be modification in dallas
713,he agrees that they are not showing the correct equation
714,we are happy to give a pay rise
715,any other use is expressly prohibited
716,tried to call but couldnt reach you
717,ed terry is in there twice
718,treasa knows the details
719,he said he saw no damage to the airport
720,we are waiting on the cold front
721,fyi on the demand letter i signed earlier
722,the riots were started by native taiwanese
723,weather is bad here
724,pressure to finish my review
725,it will also protect the interest of the businessman
726,i was planning on calling you after i saw your revisions
727,jan sorry for the inconvenience
728,we are sitting in weils offices waiting to negotiate
729,see client help for more information
730,have a good evening
731,i need your help in putting together a new list
732,i just tracked down steve
733,it would be wise to keep him inactive until he is effective in a game
734,they really must get the money together
735,we know this is a big time at the speedway
736,the team feels confident that martin will be available
737,im in a meeting until noon
738,it stands to reason that i will eventually win
739,what will happen to this project
740,its still going on quite boring though
741,when it is used we try and do as many paths as possible
742,check with vince strohmeyer
743,a detailed organizational chart is attached
744,let me know if you need further information
745,there are some issues on which we agree
746,thanks for the quick turnaround
747,ruth here is an estimated november purchase
748,will you and kb be around this afternoon
749,there are several business issues outstanding
750,no need to send to fl
751,i am really not wanting to come back
752,we talked quietly while everybody gathered
753,i called my husband at work today just to tell him i loved him
754,just wanted to touch base
755,we are proceeding with a great reception so far
756,but he added the list given was still incomplete
757,should systems manage the migration
758,i wasnt sure that you received the first email
759,the amendment has little chance of becoming law
760,he is recovering from a left knee injury
761,she is a baylor graduate and is very nice
762,i dont have lost creek yet hopefully before you leave
763,okay ill go for a ticket
764,chad thought we were on a treasure hunt
765,send me your address
766,the military refuses to leave power and restore democracy by may 
767,i have an electric knife
768,presumably so do you
769,sunday tickets have been on sale for weeks
770,this is a most unfortunate news release
771,we are about to leave heaven
772,i will tell them
773,parts of the city will be closed to private cars
774,november works for me
775,miami has a bye so mcknight is obviously not an option
776,can you call me at home
777,thailand would not be involved
778,i think fmv is probably less than fifty
779,the german slowed down enough to beat frenchman cedric pioline 
780,you can reply via email
781,i got the impression that this is a message for internal use
782,i would like to be on the list if possible
783,they have not issued an order yet
784,we controlled the race from the start and im satisfied
785,apparently bp is using the correct pricing
786,youll have to forward that home for dad to see
787,there is now a meeting at pm as well
788,throw it away and not let it touch your heart
789,can you supplement the answer to the visa question
790,that is one of the things we are working on
791,i wouldnt say im percent but im darn close
792,i am hoping to complete them today or tomorrow morning
793,im on my way back there to do so
794,i just had my head in the clouds
795,he was recognized in his field as a pioneer
796,im in stans office
797,i dont want to even see it in kilometers
798,the reserve receiver is expected to see a specialist this week
799,avoid starting either back in week if at all possible
800,thus have nothing to destroy
801,sorry for the delay
802,do we need to do anything here
803,the film will be shown for the first time
804,did you tell steve
805,giants due to an ankle injury
806,we are looking at military assistance
807,the artist assures me it is a turkey
808,did you see lauras message
809,the restart was a painful lesson regarding the rules of the race
810,i will need to get you set up in their system prior to tuesday
811,andy fastow will be on a leave of absence from the company
812,but it takes time
813,he has recovered from his ankle injury
814,tax gave us the same feedback
815,call me if you have any questions
816,i hope you went
817,let me know if it doesnt go away
818,we need to talk about this month
819,i hope you are feeling better
820,below is the intended version
821,would you please send runner to get this
822,this is all so unreal
823,see you next week
824,they have to go away and have a think
825,it doesnt match your spreadsheet
826,that s all i have to say
827,thank you for your prompt reply
828,do you have a number for him
829,it would be great if i could have the files by the th or th
830,construction on the complex will begin this year
831,neal can you help with this
832,dont bother to start him
833,good luck this week i cant see any sure things out there
834,surely we can cover this from within virgos team
835,have a good weekend
836,this is the limit
837,let gary smith know today if you want him
838,however jeffers is too risky to start from a fantasy perspective
839,your prompt attention is appreciated
840,i told you silly
841,derivatives are not new
842,the buses will be identified by their cities of origin
843,a growing number of us households are joining the middle class
844,nick makes work fun
845,where are they hitting the books at
846,the board voted thursday to lift a ban imposed earlier this month
847,do you need it today
848,i am monitoring email
849,you are welcome in palacios this weekend of course
850,not like youll get paid for it
851,thanks i needed that today
852,jane what about this thursday for lunch
853,do we need to discuss
854,using stoerner in your starting lineup would be a risky move
855,there was no such accord
856,can you please review and get back to tim
857,did we get ours back
858,i thought it had gone to all of enron
859,are you going to call
860,ill bug holloway and let you know what he says
861,is that enough for this week
862,i will try to expedite payment tomorrow
863,megan we only bought this on kn for the th
864,upon returning to the u
865,add a star trek convention and sports memorabilia show to the mix
866,i can return earlier
867,let me know if you have more questions
868,have a safe trip
869,i will call you monday morning to discuss
870,it should save the taxpayers a considerable amount of money
871,the volumes tie so the pricing must be off somewhere
872,he can be explosive but he is also erratic
873,i vote for the latter
874,hence the importannce of the media bidding battle in britain
875,let me consult my partner and get back with you in the morning
876,thanks for sending this
877,call me to give me a heads up
878,i can get them
879,samanthas problems began years
880,mikey is invited also
881,he wrote numerous books on human development
882,the mercedes engine takes advantage of extra boost
883,you must therefore take full responsibility for virus checking
884,did you not read my first email
885,england star paul gascoigne was one of the recipients of the loans
886,wang urged the international community not to forget the prisoners
887,im waiting until she comes home
888,i wanted to get all of this out of the way before my move
889,time trials for the may race continue the next two weekends
890,i am working with mary joyce on that right now
891,this quarter they are reported separately
892,i doubt that it is forecasted
893,we are having fun
894,what a nice note
895,senate ratification would be a matter of humanity
896,would you have john send me a message
897,rio de janeiro police freed him after a massive manhunt
898,i sent it to her
899,i hope well get the game here in denver
900,was it a car wreck
901,have you done any deals yet
902,fuel is retained in kind from the shippers
903,emerson fittipaldi has never had an engine this good
904,what is your issue sir
905,we are all fragile
906,the senate defied president bill clinton on thursday
907,the senate vote undercut him the day before the geneva talks
908,samantha would need aroundtheclock care
909,we will be managing our rates and we need to plan on software
910,can you help with this one
911,my only opportunity is if he cracks or something else happens
912,thank you for your support
913,i need to link them up to the tagg deal
914,he was very close to achieving his lifes goal
915,or lets get creative
916,sorry to keep you in suspense
917,john this message concerns me
918,we lost player this week who picked baltimore sorry
919,let me know if you have any problems
920,ill keep it in miles
921,japans first man in space was a journalist
922,are you going to join us for lunch
923,not just to 
924,i have minutes then
925,hope your trip to florida was good
926,i didn t mean to get you so bent out of shape
927,we need this verified
928,foreign insurance firms can file applications to the ministry
929,his party also has its sights on the posts of justice minister
930,when things get speculative the language always gets scary
931,just thought you oughta know
932,us ships will also lead a second task force
933,in isolation all of these things are trivial
934,we are delayed got another minutes on the runway
935,still waiting on decision
936,many earlier ceasefire accords have been broken
937,some members of the council refuse to recognize the progress
938,feel free to use robinson if he doesnt suffer a setback
939,thank you for your call
940,neither player is going to be a clearcut starter this week
941,i have different ones
942,he has developed a good onfield relationship with qb brad johnson
943,we just pulled schedules from the web
944,what do you show as the storage schedule
945,jacksonvilles secondary is thin because of injuries
946,did he get a signing bonus
947,thank you again for the evening
948,however hes not worth starting on your fantasy team
949,he is listed as probable for this weeks game
950,i didnt think we had it
951,it was great to finally meet you
952,let me know either way
953,reports said clinton feels the same way
954,i think tim wants to move quickly
955,what is in the plan
956,let me know which day is good for you
957,i still believe a september closing is unrealistic
958,i think we should put a number on the table
959,the official agency saba said wednesday civilians had been killed
960,ben could tell him about pompano
961,he made his mark by campaigning against hospital fraud
962,can you help get this cleared up
963,in a couple of weeks
964,i have a high level in my office
965,call me anytime for information
966,mansell went on to five indycar triumphs
967,he did not return to the game and is listed as day to day
968,mixed signals from aps today
969,referring to his meeting in washington with us president bill clinton
970,the loans were allegedly made to players
971,let me know how i can help
972,ava please put me on the list
973,we are also in touch with the u
974,he is listed as probable for mondays game against tennessee
975,but we should pay them the 
976,is she done yet
977,its kind of fun to see an old rivalry back again
978,as they used to say of gandhi he was a mahatma a great soul
979,milly is a seller
980,i think that we should enforce the agreement
981,through this account cash flows to corporate
982,he should still be able to play in the teams next game
983,deportivo have won nothing in their history
984,how can we get these answers
985,please feel free to add to it if i missed something
986,you havent seen in some time
987,the japanese justice ministry refused maradona a visa
988,just dont start him against the stifling ravens defense this week
989,i decided that i am going to stay here
990,im on a conference call
991,i dont know that i will be back monday
992,we are working on this as we speak
993,heres your gas daily pricing
994,have a great day
995,the book will also present details of the economic conditions
996,show your friends how much you care
997,can you resend me the doyle email from last week
998,has it been mentioned yet
999,as usual i will be as candid as i can
1000,i will need to have my memory refreshed
1001,see we americans had gotten sort of distracted
1002,john can you give konni a call
1003,i am now officially a blackberry addict
1004,one of his accomplices secured a safe landing
1005,there is no average
1006,this method can be used on individual folders as well
1007,you have active players at position wr
1008,disney was great and ive been to eight baseball games
1009,megan im a little too quick for myself
1010,im still learning about the ovals
1011,we will work on the car and try to go a little quicker yet
1012,the informal costs have to disappear
1013,the strategy will be very much the same
1014,i will bring john brindle
1015,donovan mcnabb is one of my starters
1016,and if hes not then he doesnt play
1017,please let me know if you have any questions
1018,new switches can also be added to the paging system
1019,hope that you have a great tg
1020,i am fine with this
1021,jiang made the comments in a meeting with malaysian prime minister
1022,can you try this again
1023,what is the stock price doing
1024,both sides had indicated interest in a cessation of hostilities
1025,chambers is still too inconsistent to start for most fantasy teams
1026,i would like to discuss
1027,she was going to leave at or 
1028,we are heartened by the many notes of care and concern
1029,i will be checking up with lisa
1030,the reserve wideout is daytoday
1031,i have no personal transactions with any enron entity
1032,do we have new york sorted out
1033,he is suffering from a strained left shoulder
1034,i had a last minute meeting come up
1035,i didnt hear from ginger this week
1036,louis despite the return of drew bledsoe
1037,we just need a sitter
1038,its going to be a tough weekend
1039,he was playing only his third event on the european tour
1040,i would like to attend if so
1041,it carries a lot more excitement for the driver
1042,i have the option of starting jim miller or picking up chris weinke
1043,i would assume this week sometime
1044,let me know when you get this
1045,sun jiazheng takes over as radio film and television minister
1046,ill call you when i get to the office
1047,if you need john speak up now
1048,the earliest the jets expect him to return is dec
1049,the team mate says were not interested at this point
1050,let me know if you do not hear from them in the next couple of days
1051,is cassandra there today
1052,i believe she gave a television interview in britain
1053,what is the mood
1054,the event reopens debate on the issue
1055,the letters of credit were to cover three agreements
1056,we cleaned him up as well as we could
1057,has brian had his contract yet
1058,some of us may have have acted as critics at one point or another
1059,scotty and i will be in nyc
1060,please call tomorrow if possible
1061,i think this move will not overcome the problem
1062,i would love to take dawn and sara riding
1063,lance and i have the same chance to win
1064,email the consent to me
1065,binoche welcomed the movie industry to the french riviera
1066,if we dont get it could be trouble
1067,sorry for any inconvenience
1068,he was in great shape last night
1069,the phones should be on now
1070,he is recovering from a bruised left shoulder
1071,thanks i think we have taken care of this
1072,let us not invite unnecessary irritants to this relationship
1073,how did you make sure it was the right set
1074,our schedule now calls for critical communication in the afternoons
1075,a state supreme court judge is expected to rule on the issue shortly
1076,thanks for all you are doing
1077,should we email this to you or fax to your house
1078, million visitors will flood atlanta each day of the olympics
1079,the meteor shower was incredible last night
1080,do we have anyone in portland
1081,we need to bring them along slowly
1082,amy will no longer be here so i will be the only one working on this
1083,his abilities will be limited if he does play sunday
1084,i didnt expect them to hand over the sites
1085,please stay on top of the security issue
1086,he quoted local yemenis as saying that people had been killed
1087,peace talks last week in kirghizstan
1088,their initial review indicates that the pricing seems low
1089,russian foreign ministry sources said a ceasefire accord was agreed
1090,mike got himself a bamboo needle
1091,tonight is my anniversary
1092,money wise that is
1093,purchasing power of us households has been rising
1094,however hes still expected to start in the ers next game on oct
1095,the local forecasters are showing rain for thanksgiving here
1096,megan try this for phillips
1097,liverpool failed again in when they were beaten at wembley
1098,he is expected to participate in practice
1099,you can explain this to me next week or over the weekend
1100,sanaa appeared to be a ghost town with many shops closed
1101,sure was good talking to you this am
1102,he extended freudian theory into adolescence and adulthood
1103,coal switching to ng and power guys stimulating demand
1104,you have a nice holiday too
1105,i will be out on friday but any other day is fine
1106,i am staying at a hotel
1107,he said he would resist all the pressure of time deadlines
1108,im trying to get them billed before the holidays
1109,jeff had been serving as chairman and ceo of enron industrial markets
1110,the rates would become effective after endorsement by parliament
1111,one assistant and one hr associate
1112,last week we reported third quarter earnings
1113,barry hope that you had a great christmas
1114,sports fans here are excited
1115,the trip is nevertheless important to set the course for future ties
1116,he also ruled out extending the safe areas
1117,out of office but have people working on info
1118,profits were up percent for the first quarter of this year
1119,now i really feel im alive not like before
1120,the majority owner of telecom is a consortium
1121,thursday works better for me
1122,on my way back
1123,there is in fact few differences between the candidates
1124,another group of policemen was due to be deployed
1125,britain earlier organised an evacuation of nonbritons from sanaa
1126,maybe traffic will be light on thursday
1127,i am having problems reconciling with theresas invoices
1128,so we need to get these resolved
1129,our forces are ready to come immediately
1130,are things better for you at home tonight
1131,keep him in mind as a no
1132,she would hate to see us not get our expense reports paid
1133,maybe stuff we do more of next year
1134,i have received your messages and will respond accordingly
1135,suggest you get facts before judging anyone
1136,i am not concerned with the brown money
1137,thank you for all your help
1138,i havent seen it yet
1139,i will be taking the first week in december off though
1140,i am on my way
1141,ill send you minutes
1142,has your th quarter changed
1143,ill come have a beer with you guys later
1144,hey tk how are you doing
1145,have you talked to somerholder
1146,michael was great this am
1147,every enron employee has an internet email address
1148,all our demographics indicate that is a family audience
1149,he is already on the job and hard at work on the issues before us
1150,do you want to fax it to my hotel
1151,i need your home cell or whatever
1152,that was how mansell learned passing was allowed on the oval
1153,your voice cheered me up
1154,scott is out most of this week on vacation and im out next week
1155,before i forget there is one last change
1156,will it be delivered
1157,i will try to make sure im in good shape
1158,i think it should be fixed now
1159,i am in m if you need me
1160,this has now become the most pressing story in the capital
1161,but he is expected to play against the raiders on sunday night
1162,the conditions were pretty tough
1163,please let me know
1164,i was out thurs
1165,if so what was it
1166,europe has lost a great ally
1167,the move was a further twist in the longrunning dispute
1168,there are differing views among the dissident community
1169,rumors have him scheduled to attend at least part of the pacers game
1170,i would like it paid through i buy it
1171,youll receive the brand new palm os v
1172,when the inspection is finished we will communicate those results
1173,bob ill take oakland as my winner this week
1174,they would play chile in buenos aires
1175,now go get washed up for dinner
1176,for those of you who have not paid please get your money tome soon
1177,the important thing is to keep your feet on the ground
1178,please let me know if there is any way that i can help you
1179,can you rough out a slide on rating agencies
1180,a bad thing has been turned into a good thing
1181,look for this trend to continue when he faces the san diego
1182,shouldnt be too hard though
1183,the un still recognizes lisbon as the administrator of the territory
1184,wang said that his release was a miracle
1185,the reality is there is much less of an advantage than people think
1186,because there is traffic
1187,thank you for participation cooperation and support
1188,you had to maintain your patience to get the job done
1189,we hope you found this information useful
1190,at least then one person in denver would be able to get in
1191,i think your outlined measures sound fine
1192,let me know if i miss anything
1193,lusinchi is currently in boston ma according to his attorney
1194,name just one person for each color
1195,im not sure if they are issuing any wires at this time
1196,we will get you a copy
1197,we sold the uk business to aep
1198,i am too and we are working very hard to turn it around
1199,song was vice minister of the geology and mineral resources minister
1200,pilot nick young said communications at sanaa airport were excellent
1201,be back tomorrow and maybe we can visit
1202,if hell sign no issues with barclays
1203,the reigning indycar series champion will be among top contenders
1204,make sure they are current
1205,appointing jeff as cfo is one important step in that process
1206,on the plane doors closing
1207,sheila please talk to avashe
1208,the second deal in question which needs to be resolved asap
1209,jason brookins will start at running back if allen is inactive
1210,did you get this
1211,i can review afterwards and get back to you tonight
1212,hope you had a good weekend
1213,i have an am doctors appointment
1214,tests monday showed no structural damage to his shoulder
1215,the law enforcement has responsibility for the safety of the public
1216,ill presume it is dead until i hear otherwise
1217,it was the best dinner table conversation weve had in a long time
1218,i wasnt as prepared as i will be this year
1219,do you need to be there
1220,we have lots of forks etc
1221,how long can you guys shop
1222,go ahead and notify
1223,she probably wont come next year either
1224,jeff attached is my resume
1225,they have capacity now
1226,i agreed terms with greg
1227,our politicians are rising to the occasion
1228,the philippines censorship board voted to cut certain scenes
1229,the hawks led from late in the first quarter
1230,were not aware of any possible changes at stanford stadium
1231,hows the share price
1232,im not planning on doing anything this week
1233,i will bring the pillow back tomorrow and get with you then
1234,just playing with you
1235,the evacuees later boarded a british airliner bound for gatwick
1236,my comments are in fuschia
1237,more than million landmines lie unexploded in at least countries
1238,about jordanian doctors arrived at the hospital a few days ago
1239,mike anderson will retain the starting job for now
1240,doug chapman will likely get the start in bennett s absence
1241,argentina have called off their two football internationals in japan
1242,are you sure i dont need to be there
1243,the injury is more serious than the panthers first expected
1244,once state owned telecom is now half owned by two american companies
1245,got your back while you pick up wine
1246,do you want to eat lunch somewhere before
1247,for those of you that have not signed up please join us for the walk
1248,a bad thing has been turned into a good thing and
1249,when do we review with el paso
1250,vietnam planned to upgrade its current fleet of soviet aircraft
1251,a definitive basic law will be drawn up within a year
1252,next time ask jim to call me
1253,i may take the opportunity to run some errands
1254,they are still burning
1255,had a great meeting
1256,we want a little may madness of our own
1257,mom that sounds fine to me
1258,the directors see significant prospects for growth
1259,a hungarian neuro surgeon said that medical supplies are low
1260,you cant bench martin no matter how bad the matchup may be
1261,but the pact has not entirely calmed the nations nerves
1262,i hope he is having a fantastic time
1263,might include proposals with respect to alaska
1264,remember blackberry doesnt work so well at home
1265,the move is also against our law
1266,we obviously have a lot to talk about
1267,our advantages have been brought into fuller play
1268,it would lessen that anxiety that the officers are faced with
1269,you get in traffic and you have dogfights and i forget im on an oval
1270,just in case we havent invited any of them
1271,we had a great time
1272,tiger woods is set to answer your questions
1273,take what you can get
1274,hope that all is well in denver
1275,the children will entertain you while you wait
1276,washington was not moving toward a unilateral lifting of the embargo
1277,travkin did not receive a specific portfolio
1278,what are the units
1279,louis posting five catches for yards and two scores
1280,not at this time
1281,good to know it exists
1282,you can have all the horsepower and it wont matter
1283,i cant tell you when hell be back
1284,mike is putting pressure on me
1285,we can work with it either way
1286,im leaving around noon tomorrow to catch a flight
1287,i can fill you in on more details later
1288,im going to class
1289,please send to gary smith
1290,no obligation to pay
1291,try it again and let me know
1292,fares shown are roundtrip
1293,doctors gave him years to live at most
1294,also regarding the cash flow from canada
1295,if possible id like to get amys opinion
1296,until he can practice for a couple of weeks we wont have him
1297,but his father likes what he sees from his sons engine
1298,brady only has five catches this season
1299,we know the engine is capable
1300,man i dont want to get sick again
1301,i think that pam butler called him
1302,reserve heap on your roster this week
1303,best of luck and stay in touch
1304,you have active players
1305,we are on a plane coming back
1306,montpellier won the cup at their first attempt
1307,the fourcity tour continues friday in kansas city missouri
1308,clinton on the other hand had backed a plan to convince europe
1309,dont they have some conflicts here
1310,he said police in dallas were also in favor of fences
1311,drop him if he was on your fantasy roster
1312,wasnt nearly as bad as i thought
1313,juppe met with the president at the oval office
1314,seifert said he didnt know if weinke would practice thursday
1315,ive sort of lost track of what all ive received
1316,i have other things to worry about
1317,we will keep you posted
1318,the only other potential office is eott
1319,give it some time
1320,its really just technicalities
1321,winning here everybody was more shocked and surprised
1322,i just want to make sure were both on the same schedule
1323,i encourage each of you to attend or tune in tomorrow
1324,southern forces said they had shot down three northern warplanes
1325,you will never be able to put them out
1326,expect him to produce good numbers against new england
1327,the group is making a pilgrimage to the catholic shrine of fatima
1328,he did not return to the contest and is listed as day to day
1329,ill let you know after lunch
1330,the opposition had plans to hold demonstrations on monday afternoon
1331,this track stands alone as king of the circuits
1332,let me know where you might be
1333,their key decision maker did not show which is not a good sign
1334,budget allocation from glisan has been postponed
1335,dont use bennett this week
1336,i agree since i am at the bank right now
1337,wang was to meet with clintons national security advisor
1338,this is very sensitive
1339,trust me the men are the ones showing restraint
1340,i dont have the distraction of taking care of mimi
1341,i cannot figure out where these prices are coming from
1342,if your reasonable ill bereasonable
1343,my husband and i are on a waiting list to give blood
1344,he will be reevaluated after receiving an injection
1345,both of us are still here
1346,did you talk to ava this morning
1347,we can work around these plans if you prefer
1348,i met my neighbors in the park across the street tonight
1349,in his last years he had been living at the nursing home
1350,opposition leaders have urged him to call off the visit
1351,that would likely be an expensive option
1352,public order will be maintained firmly and energetically
1353,megan im not sure why this is showing up
1354,ill keep you posted
1355,am i getting a good package
1356,trow said the profit return was very high
1357,the charges also cover his relations with advertising companies
1358,bob ill pick san diego as my winner
1359,south korea will send two escort destroyers and men for the maneuvers
1360,i would expect an answer asap
1361,ill probably page you
1362,toomer has been inconsistent this season
1363,will call later to explain
1364,whats your phone number
1365,this time nigel mansell will not be left behind on a restart
1366,were not a lock for the pole
1367,the portal user ids and passwords are created by you
1368,have i mentioned how much i love houston traffic
1369,i am working on the november producers today as a matter of fact
1370,is this cash coming into tw
1371,thanks for all the email
1372,we dont seem to have any positive income there
1373,he remains a good fantasy backup when healthy
1374,what level of detail do you need
1375,the dollar lost ground against the major currencies
1376,my only constraint is chads soccer game at noon
1377,the allemployee meeting will be held tuesday oct
1378,your fax was busy for a while
1379,edwards said chrebet passed the various tests and scans he was given
1380,i know hes working on it
1381,task has to be completed
1382,opening on the back nine she birdied the th and bogeyed the next
1383,probably need to check with hr group providing services
1384,amy was let go last friday here along with another guy
1385,well let you know in the morning if we are interested or not
1386,as soon as we are done well give you a call
1387,interesting are you around for a late lunch
1388,mark please take a look and let me know if you have any questions
1389,dont expect sanders to play anytime soon
1390,we tried to copy it and it worked for us
1391,i was going to call you but i hate to bother your holiday
1392,the appointments were confirmed by chinas parliament
1393,it will all be public someday
1394,i have a request
1395,he started sundays game and had two catches for yards
1396,heres the new one
1397,i havent visited with stan lately
1398,they tend to know who hooligans are and dont sell to them
1399,that calendar was enough to put me on a diet
1400,the ceremony was followed by the premiere of the opening film
1401,were on the way
1402,its quite a weekend
1403,met with partners in san francisco
1404,france also was prepared to participate in a un multinational force
1405,the contract is a bit complicated
1406,what happened to the guy with the paper to sign
1407,valerie i should have greeley on monday for august
1408,right back at you
1409,this time im more comfortable and aware of a lot more situations
1410,we will be bringing in lunch and i need to know how many to order
1411,last week ballesteros had pars and two birdies in his final round
1412,our numbers are correct in the system now
1413,theyve really caught the fever
1414,whether that package is training or material has yet to be determined
1415,since yall are so slow to think here are a few ideas
1416,theresa ive redrafted and were still off even more now
1417,kellyim gonna be early this week
1418,we are in the process of making a change
1419,itt owns the sheraton hotel chain
1420,this came as a shock to me
1421,you cant destroy us and you cant stop us
1422,a gift isnt necessary
1423,what is the status of the pemex discussions
1424,look for him to throw for over yards and a score
1425,i wish he would leave deerfield alone
1426,spanish football reaches boiling point this weekend
1427,i didnt understand we were borrowing them
1428,a threeman inquiry team spent months investigating the allegations
1429,he is one of three eagles who will be held out of the game
1430,i hadnt done that for a while too busy i guess
1431,we havent made that decision here though
1432,i just finished faxing everything
1433,parking at the walk site will be free
1434,although we are sending this email to you sportsline
1435,its too involved out here on saturday with everybody qualifying
1436,were not adversarial in this but we want to know whats going on
1437,ill give it to you tomorrow
1438,very foggy this morning
1439,i want to remind you about our allemployee meeting this tuesday oct
1440,bakus forces had for more than hours been engaged in clashes
1441,ill just have her call tracy
1442,much better than carrying a laptop
1443,youre down by and need to score in plays or less
1444,team chick hasnt been in the superbowl every year for no reason
1445,mochrie remained steady in the face of the upheaval
1446,what did you and ava decide to do
1447,yes i am coming twice
1448,it is definitely time to give up on the disappointing wideout
1449,it is very unlikely that patrons of tour operators are troublemakers
1450,steve gilbert is working on this
1451,he would be sorely missed by all who are striving for progress
1452,treatment options consist of rest an injection or surgery
1453,he is expected to play in sundays game and is listed as probable
1454,i wanted to go drinking with you
1455,have a great trip
1456,they spent about two hours at larnaca airport
1457,as soon as i get it ill forward it to you
1458,see you in enron house when i get back
1459,im not close enough right now to the discussion
1460,china replaced three ministers on thursday
1461,its a shame to have to miss one or the other
1462,as for your second question bench mike anderson
1463,im fully recovered and back on pace
1464,they also agreed on using dialogue to settle the issue
1465,penske doesnt let things sit back and relax
1466,he is expected to play in this weeks game
1467,the exercises will be staged in the west and midpacific region
1468,i liked your flag
1469,david cindy and mary will each report to the office of the chairman
1470,he beat world number one greg norman by six strokes
1471,thanks thats what i was hoping it was
1472,eastwood dominated proceedings with his humour
1473,weve pursued other options and as a result weve made some progress
1474,us vessels will form two separate training units
1475,thats a lot of dollars
1476,ill try and get to this later today
1477,he disputed reports that wheatley would be out four weeks
1478,if lunch doesnt work then how about coffee
1479,about were americans but there were also dutch and swiss
1480,ill get with him by phone to confirm
1481,the single between the two versions is the treatment of foreign banks
1482,the old list we had from sybase no longer exists
1483,this will be hard
1484,but i would suspect that when ricky can play hell play again
1485,i think im ok
1486,the cabinet thursday approved a revised tariff schedule
1487,ruth ill send this spreadsheet as i update it
1488,ill give him 
1489,us president bill clinton favours lifting the embargo
1490,but i believe answer will be yes
1491,will pm et work for you
1492,the delegation is to visit a metal works
1493,will let you know how call goes in morning
1494,i havent really done any studying for it
1495,however hes no better than waiver wire fodder in fantasy football
1496,theresa dont worry about it
1497,dont know how that happened
1498,im taking wednesday off
1499,the area has an armenian population but falls within azerbajian
1500,i will call in to minutes
1501,and i cant turn my phone on
1502,michael has his holiday performance
1503,so i dont know who it ll be carrying the load
1504,the meeting came days after the entry into chernomyrdins team
1505,the senate would require them to create a us subsidiary
1506,a parliamentary committee will collect the publics comments
1507,on friday october th
1508,im very sorry about that mix up
1509,bobill take denver to win
1510,dayne and another second tier rb for one of the above
1511,french actress juliette binoche declared the festival open
1512,this year i can walk and its so much better
1513,jordan is taking her last job corporate development
1514,wed suggest playing brady who will start against
1515,i dont think any country wants to step out ahead and take the lead
1516,since were ok on volumes now its got to be pricing somewhere
1517,wayne has not done much yet so dont put him in your fantasy lineup
1518,dont bother picking him up
1519,antonio guterres sent a message of condolences to smiths widow
1520,for those of you who have not paid please get your money to me soon
1521,i guess the next time ill see you is for super bowl
1522,both sides had indicated interest in a cessation of hostilities
1523,team chick hasnt been in the super bowl every year for no reason
1524,the mercedes drivers are likely to break the track records
1525,since you all are so slow to think here are a few ideas
1526,ill call you in the morning
1527,also please look at howell for oct 
1528,expect much better numbers on james home turf this week